,Accuracy,Precision,Recall,avPrecision,Brier,logLoss
MLP,0.9302325581395349,0.12000000000000001,0.029411764705882353,0.13566045377092878,0.41734656573187184,0.24753425315938124
