,Accuracy,Precision,Recall,avPrecision,Brier,logLoss
MLP,0.9341085271317829,0.0,0.0,0.07677533217413589,0.4333017698651201,0.25593063481093026
