,Accuracy,Precision,Recall,avPrecision,Brier,logLoss
MLP,0.9341085271317829,0.0,0.0,0.06637518303263477,0.4359636885803516,0.2516749069104858
