,Accuracy,Precision,Recall,avPrecision,Brier,logLoss
MLP,0.9317829457364342,0.17,0.01764705882352941,0.1883127448680701,0.4063595420296235,0.23250474211984867
