,Accuracy,Precision,Recall,avPrecision,Brier,logLoss
SVM,0.9341085271317829,0.0,0.0,0.11213215364517778,0.4078346764455793,0.3231467663061774
