,Accuracy,Precision,Recall,avPrecision,Brier,logLoss
MLP,0.9313953488372093,0.025,0.0058823529411764705,0.15918825152749289,0.4109289601371135,0.2426837941396041
