,Accuracy,Precision,Recall,avPrecision,Brier,logLoss
MLP,0.9313953488372092,0.18333333333333335,0.01764705882352941,0.13897614261437644,0.4223056065925055,0.2515562825013448
