,Accuracy,Precision,Recall,avPrecision,Brier,logLoss
MLP,0.9317829457364339,0.30833333333333335,0.03529411764705882,0.17748618634346447,0.40676602247095506,0.23744263026334006
