,Accuracy,Precision,Recall,avPrecision,Brier,logLoss
MLP,0.9325581395348838,0.15000000000000002,0.011764705882352941,0.16928696774920457,0.4106731740360258,0.2440575497366034
