,Accuracy,Precision,Recall,avPrecision,Brier,logLoss
MLP,0.9329457364341085,0.1,0.0058823529411764705,0.15702892506187277,0.4160400746592799,0.24047670492491777
