,Accuracy,Precision,Recall,avPrecision,Brier,logLoss
MLP,0.9337209302325581,0.0,0.0,0.14921054520353738,0.4251037642141635,0.24377701607510652
